nome2,natasha,23/05/2014,25/05/2014,37
nome2,natasha,23/05/2014,25/05/2014,37
nome2,natasha,23/05/2014,25/05/2014,37
nome2,natasha,23/05/2014,25/05/2014,37
nome2,natasha,23/05/2014,25/05/2014,37
nome2,natasha,23/05/2014,25/05/2014,37
nome2,natasha,23/05/2014,25/05/2014,37
nome2,natasha,23/05/2014,25/05/2014,37
nome2,natasha,23/05/2014,25/05/2014,37
nome2,natasha,23/05/2014,25/05/2014,37
nome2,natasha,23/05/2014,25/05/2014,37
nome2,natasha,23/05/2014,25/05/2014,37
nome2,natasha,23/05/2014,25/05/2014,37
nome2,natasha,23/05/2014,25/05/2014,37
nome2,natasha,23/05/2014,25/05/2014,37
nome2,natasha,23/05/2014,25/05/2014,37
nome2,natasha,23/05/2014,25/05/2014,37
nome2,natasha,23/05/2014,25/05/2014,37
nome2,natasha,23/05/2014,25/05/2014,37
teste,natasha,12/01/2018,17/01/2018,15
natasha,natasha,12/01/2018,15/01/2018,15
rafa,rafa,12/05/2021,13/05/2021,15
rafa,rafa,01/07/2021,02/07/2021,18
nome1,rafa,12/01/2000,12/02/2000,1
nome2,rafa,01/04/2021,03/04/2021,15
fds,rafa,12/01/2021,12/01/2021,15
dsa,rafa,15/01/2021,30/01/2021,15
